x,evmSampleDeltaMs,logDeltaMs,DATA0_uH,DATA1_uH,DATA2_uH,DATA3_uH,DATA0,DATA1,DATA2,DATA3,DATA0_MHz,DATA1_MHz,DATA2_MHz,DATA3_MHz,
31011,17650.317999958992,17671.149801015854,2.62658669170217,8.51325854487742,Infinity,Infinity,36278321,20150932,0,0,5.405891090631485,3.0027228593826294,0,0,
31012,20.68679988384247,64.82739996910095,2.626580175624361,8.513250095390113,Infinity,Infinity,36278366,20150942,0,0,5.405897796154022,3.002724349498749,0,0,
31013,20.764299988746643,62.29320001602173,2.626583216457654,8.513250095390113,Infinity,Infinity,36278345,20150942,0,0,5.4058946669101715,3.002724349498749,0,0,
31014,20.708099961280823,62.003600001335144,2.6265817684411408,8.51325854487742,Infinity,Infinity,36278355,20150932,0,0,5.405896157026291,3.0027228593826294,0,0,
31015,21.183400988578796,62.586599946022034,2.626589298140083,8.51325854487742,Infinity,Infinity,36278303,20150932,0,0,5.40588840842247,3.0027228593826294,0,0,
31016,20.69919991493225,61.86740005016327,2.626584230069925,8.51325854487742,Infinity,Infinity,36278338,20150932,0,0,5.405893623828888,3.0027228593826294,0,0,
31017,20.687300086021423,62.06380009651184,2.6265992895213572,8.513266994377306,Infinity,Infinity,36278234,20150922,0,0,5.405878126621246,3.00272136926651,0,0,
31018,20.23489999771118,62.10329985618591,2.626597841491552,8.51325854487742,Infinity,Infinity,36278244,20150932,0,0,5.405879616737366,3.0027228593826294,0,0,
31019,21.10409903526306,62.764599084854126,2.626575686784864,8.51325854487742,Infinity,Infinity,36278397,20150932,0,0,5.405902415513992,3.0027228593826294,0,0,
31020,20.641600012779236,61.64180099964142,2.62658669170217,8.51325854487742,Infinity,Infinity,36278321,20150932,0,0,5.405891090631485,3.0027228593826294,0,0,
31021,20.702399015426636,62.18069899082184,2.626583216457654,8.513250095390113,Infinity,Infinity,36278345,20150942,0,0,5.4058946669101715,3.002724349498749,0,0,
31022,20.643499970436096,62.11370098590851,2.626589298140083,8.51325854487742,Infinity,Infinity,36278303,20150932,0,0,5.40588840842247,3.0027228593826294,0,0,
31023,19.121801018714905,51.79790008068085,2.626578293206397,8.51325854487742,Infinity,Infinity,36278379,20150932,0,0,5.405899733304977,3.0027228593826294,0,0,
31024,20.430298924446106,62.229498863220215,2.626589298140083,8.51325854487742,Infinity,Infinity,36278303,20150932,0,0,5.40588840842247,3.0027228593826294,0,0,
31025,20.6739000082016,62.12880098819733,2.626589298140083,8.51325854487742,Infinity,Infinity,36278303,20150932,0,0,5.40588840842247,3.0027228593826294,0,0,
31026,20.67469894886017,62.196699023246765,2.626575686784864,8.51325854487742,Infinity,Infinity,36278397,20150932,0,0,5.405902415513992,3.0027228593826294,0,0,
31027,19.751699924468994,60.4288010597229,2.62658669170217,8.51325854487742,Infinity,Infinity,36278321,20150932,0,0,5.405891090631485,3.0027228593826294,0,0,
31028,19.15220010280609,60.60130000114441,2.6265852436827832,8.51325854487742,Infinity,Infinity,36278331,20150932,0,0,5.405892580747604,3.0027228593826294,0,0,
31029,19.61709988117218,50.02879989147186,2.626589298140083,8.51325854487742,Infinity,Infinity,36278303,20150932,0,0,5.40588840842247,3.0027228593826294,0,0,
31030,20.69450008869171,62.0984001159668,2.6265877053164517,8.51325854487742,Infinity,Infinity,36278314,20150932,0,0,5.405890047550201,3.0027228593826294,0,0,
31031,20.67379891872406,62.25269889831543,2.6265968278714023,8.513266994377306,Infinity,Infinity,36278251,20150922,0,0,5.405880659818649,3.00272136926651,0,0,
31032,20.79930007457733,62.181201100349426,2.6265927733966676,8.513250095390113,Infinity,Infinity,36278279,20150942,0,0,5.405884832143784,3.002724349498749,0,0,
31033,20.73329985141754,62.24369990825653,2.6265777140012756,8.51325854487742,Infinity,Infinity,36278383,20150932,0,0,5.405900329351425,3.0027228593826294,0,0,
31034,20.669600009918213,61.97000002861023,2.6266027647977714,8.513250095390113,Infinity,Infinity,36278210,20150942,0,0,5.40587455034256,3.002724349498749,0,0,
31035,20.5263991355896,62.182799100875854,2.6265807548302944,8.51325854487742,Infinity,Infinity,36278362,20150932,0,0,5.4058972001075745,3.0027228593826294,0,0,
31036,20.836198925971985,62.254199862480164,2.6265942214222813,8.513266994377306,Infinity,Infinity,36278269,20150922,0,0,5.405883342027664,3.00272136926651,0,0,
31037,20.694300055503845,62.01820111274719,2.6265817684411408,8.51325854487742,Infinity,Infinity,36278355,20150932,0,0,5.405896157026291,3.0027228593826294,0,0,
31038,20.837000012397766,62.24059998989105,2.6265877053164517,8.51325854487742,Infinity,Infinity,36278314,20150932,0,0,5.405890047550201,3.0027228593826294,0,0,
31039,18.95030105113983,54.35189998149872,2.6265817684411408,8.51325854487742,Infinity,Infinity,36278355,20150932,0,0,5.405896157026291,3.0027228593826294,0,0,
31040,20.605300068855286,62.16390001773834,2.626583216457654,8.51325854487742,Infinity,Infinity,36278345,20150932,0,0,5.4058946669101715,3.0027228593826294,0,0,
31041,20.342899084091187,62.139199018478394,2.6265942214222813,8.51325854487742,Infinity,Infinity,36278269,20150932,0,0,5.405883342027664,3.0027228593826294,0,0,
31042,20.766499996185303,62.23180103302002,2.626579306815818,8.513266994377306,Infinity,Infinity,36278372,20150922,0,0,5.405898690223694,3.00272136926651,0,0,
31043,17.90070104598999,61.680999994277954,2.626584230069925,8.51325854487742,Infinity,Infinity,36278338,20150932,0,0,5.405893623828888,3.0027228593826294,0,0,
31044,20.957499980926514,52.63469994068146,2.626575686784864,8.513266994377306,Infinity,Infinity,36278397,20150922,0,0,5.405902415513992,3.00272136926651,0,0,
31045,20.388699054718018,61.87969899177551,2.6265942214222813,8.51325854487742,Infinity,Infinity,36278269,20150932,0,0,5.405883342027664,3.0027228593826294,0,0,
31046,20.174198985099792,62.37699997425079,2.626589298140083,8.51325854487742,Infinity,Infinity,36278303,20150932,0,0,5.40588840842247,3.0027228593826294,0,0,
31047,20.747900128364563,61.88610112667084,2.62658669170217,8.51325854487742,Infinity,Infinity,36278321,20150932,0,0,5.405891090631485,3.0027228593826294,0,0,
31048,20.78160011768341,62.16499996185303,2.6265927733966676,8.51325854487742,Infinity,Infinity,36278279,20150932,0,0,5.405884832143784,3.0027228593826294,0,0,
31049,20.644201040267944,62.062000036239624,2.626591759779451,8.51325854487742,Infinity,Infinity,36278286,20150932,0,0,5.405885875225067,3.0027228593826294,0,0,
31050,20.675798892974854,62.22179889678955,2.626591759779451,8.513250095390113,Infinity,Infinity,36278286,20150942,0,0,5.405885875225067,3.002724349498749,0,0,
31051,20.561500072479248,62.097201108932495,2.626584230069925,8.51325854487742,Infinity,Infinity,36278338,20150932,0,0,5.405893623828888,3.0027228593826294,0,0,
31052,20.75410008430481,62.22449994087219,2.6265968278714023,8.51325854487742,Infinity,Infinity,36278251,20150932,0,0,5.405880659818649,3.0027228593826294,0,0,
31053,20.69239890575409,62.200498938560486,2.626589298140083,8.51325854487742,Infinity,Infinity,36278303,20150932,0,0,5.40588840842247,3.0027228593826294,0,0,
31054,20.458199977874756,62.17840003967285,2.626589298140083,8.51325854487742,Infinity,Infinity,36278303,20150932,0,0,5.40588840842247,3.0027228593826294,0,0,
31055,20.565099954605103,62.12740099430084,2.626575686784864,8.513250095390113,Infinity,Infinity,36278397,20150942,0,0,5.405902415513992,3.002724349498749,0,0,
31056,20.730600118637085,62.28929901123047,2.62658669170217,8.51325854487742,Infinity,Infinity,36278321,20150932,0,0,5.405891090631485,3.0027228593826294,0,0,
31057,20.64169991016388,62.17310094833374,2.62658669170217,8.51325854487742,Infinity,Infinity,36278321,20150932,0,0,5.405891090631485,3.0027228593826294,0,0,
31058,20.640699982643127,62.16659998893738,2.6265807548302944,8.51325854487742,Infinity,Infinity,36278362,20150932,0,0,5.4058972001075745,3.0027228593826294,0,0,
31059,20.38979995250702,62.20210003852844,2.6265942214222813,8.51325854487742,Infinity,Infinity,36278269,20150932,0,0,5.405883342027664,3.0027228593826294,0,0,
31060,20.644898891448975,62.12949895858765,2.62658669170217,8.51325854487742,Infinity,Infinity,36278321,20150932,0,0,5.405891090631485,3.0027228593826294,0,0,
31061,20.768200993537903,62.29360103607178,2.6266017511747712,8.51325854487742,Infinity,Infinity,36278217,20150932,0,0,5.405875593423843,3.0027228593826294,0,0,
31062,20.279900074005127,62.02120006084442,2.626579306815818,8.51325854487742,Infinity,Infinity,36278372,20150932,0,0,5.405898690223694,3.0027228593826294,0,0,
31063,20.6889990568161,62.20669889450073,2.6265927733966676,8.51325854487742,Infinity,Infinity,36278279,20150932,0,0,5.405884832143784,3.0027228593826294,0,0,
31064,20.681100010871887,62.15140104293823,2.626595235040923,8.513266994377306,Infinity,Infinity,36278262,20150922,0,0,5.405882298946381,3.00272136926651,0,0,
31065,20.668200135231018,62.1693000793457,2.6265807548302944,8.51325854487742,Infinity,Infinity,36278362,20150932,0,0,5.4058972001075745,3.0027228593826294,0,0,
31066,20.82009994983673,62.263699889183044,2.6265942214222813,8.51325854487742,Infinity,Infinity,36278269,20150932,0,0,5.405883342027664,3.0027228593826294,0,0,
31067,20.531999945640564,62.04240000247955,2.6265992895213572,8.51325854487742,Infinity,Infinity,36278234,20150932,0,0,5.405878126621246,3.0027228593826294,0,0,
31068,21.448099970817566,63.05200004577637,2.626591759779451,8.51325854487742,Infinity,Infinity,36278286,20150932,0,0,5.405885875225067,3.0027228593826294,0,0,
31069,17.84850001335144,63.386199951171875,2.62658669170217,8.51325854487742,Infinity,Infinity,36278321,20150932,0,0,5.405891090631485,3.0027228593826294,0,0,
31070,20.695500016212463,59.98560011386871,2.626591759779451,8.51325854487742,Infinity,Infinity,36278286,20150932,0,0,5.405885875225067,3.0027228593826294,0,0,
31071,20.63510012626648,61.9889999628067,2.626591759779451,8.51325854487742,Infinity,Infinity,36278286,20150932,0,0,5.405885875225067,3.0027228593826294,0,0,
31072,20.726499915122986,62.20949995517731,2.62658669170217,8.51325854487742,Infinity,Infinity,36278321,20150932,0,0,5.405891090631485,3.0027228593826294,0,0,
31073,20.62309992313385,62.218498945236206,2.626589298140083,8.513266994377306,Infinity,Infinity,36278303,20150922,0,0,5.40588840842247,3.00272136926651,0,0,
31074,20.74369990825653,62.122400999069214,2.626595235040923,8.51325854487742,Infinity,Infinity,36278262,20150932,0,0,5.405882298946381,3.0027228593826294,0,0,
31075,20.95680010318756,62.8571001291275,2.626589298140083,8.51325854487742,Infinity,Infinity,36278303,20150932,0,0,5.40588840842247,3.0027228593826294,0,0,
31076,20.696200013160706,61.459399938583374,2.626578293206397,8.513266994377306,Infinity,Infinity,36278379,20150922,0,0,5.405899733304977,3.00272136926651,0,0,
31077,20.7257000207901,62.1878000497818,2.6265942214222813,8.51324249086229,Infinity,Infinity,36278269,20150951,0,0,5.405883342027664,3.0027256906032562,0,0,
31078,20.702399969100952,62.09409987926483,2.627988501501929,8.51325854487742,Infinity,Infinity,36268644,20150932,0,0,5.404449105262756,3.0027228593826294,0,0,
31079,20.664398908615112,62.15359902381897,2.6351337259072403,8.513250095390113,Infinity,Infinity,36219439,20150942,0,0,5.397116988897324,3.002724349498749,0,0,
31080,20.75730013847351,62.24580109119415,2.6387346947537034,8.51325854487742,Infinity,Infinity,36194717,20150932,0,0,5.393433123826981,3.0027228593826294,0,0,
31081,20.71459996700287,62.062999963760376,2.6423779697495577,8.51325854487742,Infinity,Infinity,36169756,20150932,0,0,5.389713644981384,3.0027228593826294,0,0,
31082,20.609299898147583,62.612698912620544,2.645975062660193,8.513250095390113,Infinity,Infinity,36145162,20150942,0,0,5.386048853397369,3.002724349498749,0,0,
31083,20.678599953651428,61.724701046943665,2.6497709693976357,8.513250095390113,Infinity,Infinity,36119263,20150942,0,0,5.382189601659775,3.002724349498749,0,0,
31084,20.686399936676025,62.24779999256134,2.6536303381052018,8.513250095390113,Infinity,Infinity,36092988,20150942,0,0,5.378274321556091,3.002724349498749,0,0,
31085,19.349300146102905,51.80610013008118,2.6574427360278934,8.51325854487742,Infinity,Infinity,36067089,20150932,0,0,5.374415069818497,3.0027228593826294,0,0,
31086,20.765699982643127,62.23209989070892,2.665045749794728,8.51325854487742,Infinity,Infinity,36015605,20150932,0,0,5.366743355989456,3.0027228593826294,0,0,
31087,20.65469992160797,62.13929998874664,2.6688359168452127,8.513250095390113,Infinity,Infinity,35990022,20150942,0,0,5.362931191921234,3.002724349498749,0,0,
31088,20.309399962425232,62.14110004901886,2.672702693211636,8.51325854487742,Infinity,Infinity,35963978,20150932,0,0,5.3590503334999084,3.0027228593826294,0,0,
31089,20.69110107421875,62.20159995555878,2.676459910392395,8.513266994377306,Infinity,Infinity,35938726,20150922,0,0,5.355287492275238,3.00272136926651,0,0,
31090,20.65069890022278,62.20479893684387,2.6800668471027924,8.513250095390113,Infinity,Infinity,35914534,20150942,0,0,5.351682603359222,3.002724349498749,0,0,
31091,20.722101092338562,62.18360114097595,2.683774401037476,8.51325854487742,Infinity,Infinity,35889718,20150932,0,0,5.347984731197357,3.0027228593826294,0,0,
31092,20.821001052856445,62.24739992618561,2.691110057265028,8.51325854487742,Infinity,Infinity,35840769,20150932,0,0,5.340690761804581,3.0027228593826294,0,0,
31093,20.659198999404907,62.012699007987976,2.6947441013887565,8.51325854487742,Infinity,Infinity,35816594,20150932,0,0,5.337088406085968,3.0027228593826294,0,0,
31094,20.747599959373474,62.18760097026825,2.6984100888056375,8.51325854487742,Infinity,Infinity,35792256,20150932,0,0,5.333461761474609,3.0027228593826294,0,0,
31095,20.759899020195007,62.249099016189575,2.7021686278043635,8.513250095390113,Infinity,Infinity,35767355,20150942,0,0,5.329751223325729,3.002724349498749,0,0,
31096,20.76610004901886,62.17240107059479,2.7058005753389267,8.513266994377306,Infinity,Infinity,35743342,20150922,0,0,5.326173007488251,3.00272136926651,0,0,
31097,20.674600958824158,62.11269986629486,2.7095565168843976,8.51325854487742,Infinity,Infinity,35718560,20150932,0,0,5.322480201721191,3.0027228593826294,0,0,
31098,20.68430006504059,62.10460019111633,2.7169461060389235,8.513250095390113,Infinity,Infinity,35669953,20150942,0,0,5.315237194299698,3.002724349498749,0,0,
31099,20.555300116539,62.12819993495941,2.7204854795661086,8.51325854487742,Infinity,Infinity,35646742,20150932,0,0,5.311778485774994,3.0027228593826294,0,0,
31100,20.739400029182434,62.36459994316101,2.724184714574657,8.51325854487742,Infinity,Infinity,35622531,20150932,0,0,5.308170765638351,3.0027228593826294,0,0,
31101,20.658400058746338,62.04930007457733,2.727767057372303,8.513250095390113,Infinity,Infinity,35599132,20150942,0,0,5.304684042930603,3.002724349498749,0,0,
31102,20.824300050735474,62.24959993362427,2.7314952870625824,8.51325854487742,Infinity,Infinity,35574829,20150932,0,0,5.301062613725662,3.0027228593826294,0,0,
31103,20.596199989318848,62.076900005340576,2.735169615058045,8.51325854487742,Infinity,Infinity,35550926,20150932,0,0,5.297500789165497,3.0027228593826294,0,0,
31104,20.686300039291382,62.152499079704285,2.742627530875322,8.513250095390113,Infinity,Infinity,35502557,20150942,0,0,5.290293246507645,3.002724349498749,0,0,
31105,20.633498907089233,62.22339987754822,2.746218460687528,8.513250095390113,Infinity,Infinity,35479338,20150942,0,0,5.286833345890045,3.002724349498749,0,0,
31106,20.545199155807495,62.10360014438629,2.749824358217259,8.51325854487742,Infinity,Infinity,35456068,20150932,0,0,5.283365845680237,3.0027228593826294,0,0,
31107,18.61460018157959,64.76090097427368,2.7532866137239713,8.51325854487742,Infinity,Infinity,35433768,20150932,0,0,5.280042886734009,3.0027228593826294,0,0,
31108,20.610300064086914,62.075199007987976,2.7567842166868584,8.51325854487742,Infinity,Infinity,35411283,20150932,0,0,5.276692360639572,3.0027228593826294,0,0,
31109,20.65559995174408,62.212700843811035,2.763579864171948,8.51325854487742,Infinity,Infinity,35367718,20150932,0,0,5.270200669765472,3.0027228593826294,0,0,
31110,20.59689998626709,62.16690003871918,2.766866014739624,8.513247560546374,Infinity,Infinity,35346709,20150945,0,0,5.267070084810257,3.0027247965335846,0,0,
31111,20.615101099014282,62.25420010089874,2.770230489417738,8.51325854487742,Infinity,Infinity,35325238,20150932,0,0,5.263870656490326,3.0027228593826294,0,0,
31112,20.56549882888794,62.09649884700775,2.773493632296264,8.51325854487742,Infinity,Infinity,35304451,20150932,0,0,5.260773152112961,3.0027228593826294,0,0,
31113,20.691398978233337,62.22470009326935,2.7767598684740493,8.513250095390113,Infinity,Infinity,35283681,20150942,0,0,5.257678180932999,3.002724349498749,0,0,
31114,20.604800939559937,62.189000964164734,2.779995928381521,8.513266994377306,Infinity,Infinity,35263139,20150922,0,0,5.2546171844005585,3.00272136926651,0,0,
31115,20.681100964546204,62.16569995880127,2.7863265087345632,8.513266994377306,Infinity,Infinity,35223057,20150922,0,0,5.2486445009708405,3.00272136926651,0,0,
31116,20.655699968338013,62.15680003166199,2.7873595932436412,8.51325854487742,Infinity,Infinity,35216529,20150932,0,0,5.247671753168106,3.0027228593826294,0,0,
31117,20.668200135231018,62.21799910068512,2.7846815331473933,8.51325854487742,Infinity,Infinity,35233459,20150932,0,0,5.2501945197582245,3.0027228593826294,0,0,
31118,20.776399970054626,62.2250999212265,2.7818870585714577,8.51325854487742,Infinity,Infinity,35251151,20150932,0,0,5.25283083319664,3.0027228593826294,0,0,
31119,20.732200026512146,62.10690104961395,2.7789588978389044,8.513266994377306,Infinity,Infinity,35269718,20150922,0,0,5.255597531795502,3.00272136926651,0,0,
31120,20.80440104007721,62.21880006790161,2.7758874691810407,8.51325854487742,Infinity,Infinity,35289225,20150932,0,0,5.258504301309586,3.0027228593826294,0,0,
31121,20.894399046897888,62.16759896278381,2.7694303009749848,8.51325854487742,Infinity,Infinity,35330341,20150932,0,0,5.264631062746048,3.0027228593826294,0,0,
31122,20.754199981689453,62.09710097312927,2.7660793331210636,8.513250095390113,Infinity,Infinity,35351735,20150942,0,0,5.26781901717186,3.002724349498749,0,0,
31123,20.721001029014587,62.06400001049042,2.762667745079405,8.51325854487742,Infinity,Infinity,35373556,20150932,0,0,5.271070599555969,3.0027228593826294,0,0,
31124,20.869799971580505,62.27909994125366,2.759294426763711,8.51325854487742,Infinity,Infinity,35395172,20150932,0,0,5.274291634559631,3.0027228593826294,0,0,
31125,20.780699014663696,62.120899081230164,2.7558026290548066,8.51325854487742,Infinity,Infinity,35417589,20150932,0,0,5.277632027864456,3.0027228593826294,0,0,
31126,20.5900000333786,62.096900939941406,2.752338734613399,8.513266994377306,Infinity,Infinity,35439869,20150922,0,0,5.280952006578445,3.00272136926651,0,0,
31127,20.743800044059753,62.19309997558594,2.7452570543752066,8.513266994377306,Infinity,Infinity,35485550,20150922,0,0,5.287759006023407,3.00272136926651,0,0,
31128,19.6878000497818,62.0514999628067,2.741607168205369,8.51325854487742,Infinity,Infinity,35509163,20150932,0,0,5.29127761721611,3.0027228593826294,0,0,
31129,20.709801077842712,62.32390010356903,2.7380460817273318,8.51325854487742,Infinity,Infinity,35532247,20150932,0,0,5.294717401266098,3.0027228593826294,0,0,
31130,20.770599007606506,62.108298897743225,2.734333351468516,8.513266994377306,Infinity,Infinity,35556362,20150922,0,0,5.298310816287994,3.00272136926651,0,0,
31131,20.786800026893616,62.104101061820984,2.730658098508788,8.51325854487742,Infinity,Infinity,35580282,20150932,0,0,5.301875174045563,3.0027228593826294,0,0,
31132,20.75869905948639,62.29859900474548,2.7269473595978044,8.51325854487742,Infinity,Infinity,35604482,20150932,0,0,5.305481255054474,3.0027228593826294,0,0,
31133,20.714200019836426,62.09390103816986,2.7196911839127202,8.513266994377306,Infinity,Infinity,35651947,20150922,0,0,5.312554091215134,3.00272136926651,0,0,
31134,20.83840000629425,62.19769990444183,2.715918115794527,8.513266994377306,Infinity,Infinity,35676703,20150922,0,0,5.316243022680283,3.00272136926651,0,0,
31135,20.700599908828735,62.05869996547699,2.7122723188393545,8.51325854487742,Infinity,Infinity,35700673,20150932,0,0,5.319814831018448,3.0027228593826294,0,0,
31136,20.735000014305115,62.08520007133484,2.7085572816990813,8.513250095390113,Infinity,Infinity,35725148,20150942,0,0,5.323461890220642,3.002724349498749,0,0,
31137,20.73390007019043,62.151400089263916,2.7049816783060714,8.513250095390113,Infinity,Infinity,35748752,20150942,0,0,5.326979160308838,3.002724349498749,0,0,
31138,20.87750005722046,62.33719992637634,2.7013048627393417,8.51325854487742,Infinity,Infinity,35773073,20150932,0,0,5.330603271722794,3.0027228593826294,0,0,
31139,20.651599049568176,62.052698969841,2.693882690317891,8.51325854487742,Infinity,Infinity,35822320,20150932,0,0,5.337941646575928,3.0027228593826294,0,0,
31140,20.66689884662628,62.19559991359711,2.690191400281196,8.513250095390113,Infinity,Infinity,35846888,20150942,0,0,5.341602563858032,3.002724349498749,0,0,
31141,20.710999965667725,62.18510115146637,2.686584383724768,8.51325854487742,Infinity,Infinity,35870944,20150932,0,0,5.345187187194824,3.0027228593826294,0,0,
31142,20.729900121688843,62.15160000324249,2.682867120912439,8.51325854487742,Infinity,Infinity,35895786,20150932,0,0,5.3488889336586,3.0027228593826294,0,0,
31143,20.748100996017456,62.247599959373474,2.6792202206992903,8.51325854487742,Infinity,Infinity,35920208,20150932,0,0,5.352528095245361,3.0027228593826294,0,0,
31144,20.800598978996277,62.34559893608093,2.6755104850787337,8.51325854487742,Infinity,Infinity,35945102,20150932,0,0,5.356237590312958,3.0027228593826294,0,0,
31145,20.856199979782104,62.05030107498169,2.6680931882746544,8.513250095390113,Infinity,Infinity,35995031,20150942,0,0,5.363677591085434,3.002724349498749,0,0,
31146,20.585299134254456,62.07749903202057,2.6642867030318214,8.51325854487742,Infinity,Infinity,36020735,20150932,0,0,5.367507785558701,3.0027228593826294,0,0,
31147,20.655099987983704,62.08440101146698,2.6603727794925933,8.513266994377306,Infinity,Infinity,36047222,20150922,0,0,5.371454656124115,3.00272136926651,0,0,
31148,20.52540099620819,59.651999950408936,2.65650620920057,8.513250095390113,Infinity,Infinity,36073446,20150942,0,0,5.37536233663559,3.002724349498749,0,0,
31149,20.67330002784729,62.18209993839264,2.6527962066224386,8.51325854487742,Infinity,Infinity,36098662,20150932,0,0,5.37911981344223,3.0027228593826294,0,0,
31150,19.693700075149536,62.2263001203537,2.6490375045818966,8.513250095390113,Infinity,Infinity,36124263,20150942,0,0,5.382934659719467,3.002724349498749,0,0,
31151,20.747299909591675,62.15049886703491,2.6419065365054353,8.51325854487742,Infinity,Infinity,36172983,20150932,0,0,5.39019450545311,3.0027228593826294,0,0,
31152,20.650799989700317,62.20090103149414,2.638529409453778,8.51325854487742,Infinity,Infinity,36196125,20150932,0,0,5.39364293217659,3.0027228593826294,0,0,
31153,20.703100085258484,62.21000003814697,2.635021978271689,8.51325854487742,Infinity,Infinity,36220207,20150932,0,0,5.397231429815292,3.0027228593826294,0,0,
31154,20.64810001850128,62.077200055122375,2.6316230410709727,8.513250095390113,Infinity,Infinity,36243590,20150942,0,0,5.40071576833725,3.002724349498749,0,0,
31155,20.469101071357727,62.17999994754791,2.6281900939472145,8.513266994377306,Infinity,Infinity,36267253,20150922,0,0,5.40424183011055,3.00272136926651,0,0,
31156,20.73300004005432,62.146299958229065,2.6247502626857027,8.51325854487742,Infinity,Infinity,36291010,20150932,0,0,5.407781898975372,3.0027228593826294,0,0,
31157,20.560400009155273,62.08179998397827,2.618083767298311,8.51325854487742,Infinity,Infinity,36337185,20150932,0,0,5.4146625101566315,3.0027228593826294,0,0,
31158,20.736101031303406,62.16230010986328,2.614872298912271,8.513250095390113,Infinity,Infinity,36359492,20150942,0,0,5.417986512184143,3.002724349498749,0,0,
31159,20.723100066184998,62.16219997406006,2.6115996900372047,8.513266994377306,Infinity,Infinity,36382266,20150922,0,0,5.42138010263443,3.00272136926651,0,0,
31160,20.70439887046814,62.14569890499115,2.608495152088341,8.513266994377306,Infinity,Infinity,36403910,20150922,0,0,5.424605309963226,3.00272136926651,0,0,
31161,20.791799902915955,62.30290102958679,2.6053453634821984,8.513266994377306,Infinity,Infinity,36425909,20150922,0,0,5.427883416414261,3.00272136926651,0,0,
31162,20.764100074768066,62.166100025177,2.6022743866452664,8.513250095390113,Infinity,Infinity,36447396,20150942,0,0,5.431085228919983,3.002724349498749,0,0,
31163,20.79349994659424,62.13389992713928,2.596188399816104,8.51325854487742,Infinity,Infinity,36490091,20150932,0,0,5.437447279691696,3.0027228593826294,0,0,
31164,20.669900059700012,62.077500104904175,2.5932401308838315,8.513250095390113,Infinity,Infinity,36510828,20150942,0,0,5.440537333488464,3.002724349498749,0,0,
31165,20.759299874305725,62.217599868774414,2.5903431123940153,8.51325854487742,Infinity,Infinity,36531239,20150932,0,0,5.443578809499741,3.0027228593826294,0,0,
31166,20.53409993648529,62.155200123786926,2.587536744042723,8.51325854487742,Infinity,Infinity,36551044,20150932,0,0,5.446529984474182,3.0027228593826294,0,0,
31167,20.73170006275177,62.224900007247925,2.5848179111789404,8.513250095390113,Infinity,Infinity,36570262,20150942,0,0,5.449393689632416,3.002724349498749,0,0,
31168,20.923299074172974,62.366199016571045,2.5822166996897886,8.513250095390113,Infinity,Infinity,36588677,20150942,0,0,5.452137738466263,3.002724349498749,0,0,
31169,20.603800058364868,61.94840097427368,2.577402658672798,8.51325854487742,Infinity,Infinity,36622831,20150932,0,0,5.4572270810604095,3.0027228593826294,0,0,
31170,20.623200058937073,62.10790002346039,2.5750113673232335,8.513266994377306,Infinity,Infinity,36639832,20150922,0,0,5.459760427474976,3.00272136926651,0,0,
31171,20.763200044631958,62.271000027656555,2.572824974835061,8.513266994377306,Infinity,Infinity,36655397,20150922,0,0,5.462079793214798,3.00272136926651,0,0,
31172,20.68089997768402,62.104599952697754,2.5707109065990306,8.51325854487742,Infinity,Infinity,36670466,20150932,0,0,5.464325249195099,3.0027228593826294,0,0,
31173,20.806399941444397,62.3503999710083,2.568647475078081,8.513250095390113,Infinity,Infinity,36685192,20150942,0,0,5.466519594192505,3.002724349498749,0,0,
31174,20.754999041557312,62.06169903278351,2.566706818327072,8.51325854487742,Infinity,Infinity,36699058,20150932,0,0,5.468585789203644,3.0027228593826294,0,0,
31175,20.830700159072876,62.20680105686188,2.5629518453006055,8.51325854487742,Infinity,Infinity,36725932,20150932,0,0,5.472590327262878,3.0027228593826294,0,0,
31176,20.656699895858765,62.0068998336792,2.5612691595129222,8.513266994377306,Infinity,Infinity,36737994,20150922,0,0,5.47438770532608,3.00272136926651,0,0,
31177,20.716000080108643,62.22980010509491,2.559575175731292,8.51325854487742,Infinity,Infinity,36750149,20150932,0,0,5.4761989414691925,3.0027228593826294,0,0,
31178,20.637799859046936,62.23419988155365,2.557980146116211,8.51325854487742,Infinity,Infinity,36761605,20150932,0,0,5.47790601849556,3.0027228593826294,0,0,
31179,20.80099892616272,62.217199087142944,2.556539553259441,8.51325854487742,Infinity,Infinity,36771961,20150932,0,0,5.4794491827487946,3.0027228593826294,0,0,
31180,20.792999982833862,62.16380000114441,2.555268986426906,8.513266994377306,Infinity,Infinity,36781102,20150922,0,0,5.480811297893524,3.00272136926651,0,0,
31181,13.019099950790405,54.159700989723206,2.554077813584604,8.51325854487742,Infinity,Infinity,36789678,20150932,0,0,5.4820892214775085,3.0027228593826294,0,0,
31182,20.60920000076294,57.18809902667999,2.552934094265574,8.51325854487742,Infinity,Infinity,36797918,20150932,0,0,5.483317077159882,3.0027228593826294,0,0,
31183,20.86000096797943,62.21600103378296,2.5509783672053485,8.513266994377306,Infinity,Infinity,36812021,20150922,0,0,5.48541858792305,3.00272136926651,0,0,
31184,20.653499960899353,62.03479886054993,2.5500842497119347,8.51325854487742,Infinity,Infinity,36818474,20150932,0,0,5.486380159854889,3.0027228593826294,0,0,
31185,20.584100008010864,62.1577011346817,2.5493316877957946,8.513266994377306,Infinity,Infinity,36823908,20150922,0,0,5.487189888954163,3.00272136926651,0,0,
31186,20.781898856163025,62.26179885864258,2.548696964121858,8.51325854487742,Infinity,Infinity,36828493,20150932,0,0,5.4878731071949005,3.0027228593826294,0,0,
31187,20.76010012626648,62.04300117492676,2.548103708438936,8.51325854487742,Infinity,Infinity,36832780,20150932,0,0,5.488511919975281,3.0027228593826294,0,0,
31188,20.764699935913086,62.23979890346527,2.54762076006813,8.513250095390113,Infinity,Infinity,36836271,20150942,0,0,5.489032119512558,3.002724349498749,0,0,
31189,20.729000091552734,62.15030109882355,2.546691218621144,8.513266994377306,Infinity,Infinity,36842993,20150922,0,0,5.490033775568008,3.00272136926651,0,0,
31190,20.776899933815002,62.267698884010315,2.5463713483902275,8.51325854487742,Infinity,Infinity,36845307,20150932,0,0,5.490378588438034,3.0027228593826294,0,0,
31191,20.77080011367798,62.06240105628967,2.546139569986006,8.51325854487742,Infinity,Infinity,36846984,20150932,0,0,5.490628480911255,3.0027228593826294,0,0,
31192,20.96179986000061,62.43769991397858,2.5459554966291846,8.51325854487742,Infinity,Infinity,36848316,20150932,0,0,5.490826964378357,3.0027228593826294,0,0,
31193,20.69669997692108,61.933600068092346,2.545816349315444,8.513266994377306,Infinity,Infinity,36849323,20150922,0,0,5.490977019071579,3.00272136926651,0,0,
31194,20.71060001850128,62.210700035095215,2.5457449146595756,8.513266994377306,Infinity,Infinity,36849840,20150922,0,0,5.491054058074951,3.00272136926651,0,0,
31195,20.65260088443756,54.35709989070892,2.545658975982697,8.513266994377306,Infinity,Infinity,36850462,20150922,0,0,5.491146743297577,3.00272136926651,0,0,
31196,20.84660005569458,62.28820013999939,2.545856558539006,8.513266994377306,Infinity,Infinity,36849032,20150922,0,0,5.490933656692505,3.00272136926651,0,0,
31197,20.73300004005432,62.04009997844696,2.545990872541576,8.51325854487742,Infinity,Infinity,36848060,20150932,0,0,5.490788817405701,3.0027228593826294,0,0,
31198,20.757898926734924,62.259798884391785,2.546171494648909,8.51325854487742,Infinity,Infinity,36846753,20150932,0,0,5.490594059228897,3.0027228593826294,0,0,
31199,20.839600920677185,62.13330101966858,2.546462990442381,8.513266994377306,Infinity,Infinity,36844644,20150922,0,0,5.490279793739319,3.00272136926651,0,0,
31200,20.790499925613403,62.084599018096924,2.546857121471333,8.513266994377306,Infinity,Infinity,36841793,20150922,0,0,5.489854961633682,3.00272136926651,0,0,
31201,20.704400062561035,62.09650099277496,2.547359629497614,8.513274598937958,Infinity,Infinity,36838159,20150913,0,0,5.489313453435898,3.0027200281620026,0,0,
31202,20.760799884796143,62.280099987983704,2.548630944323913,8.513266994377306,Infinity,Infinity,36828970,20150922,0,0,5.487944185733795,3.00272136926651,0,0,
31203,20.745700001716614,62.09450006484985,2.549409919881013,8.513266994377306,Infinity,Infinity,36823343,20150922,0,0,5.487105697393417,3.00272136926651,0,0,
31204,20.539801001548767,62.25220000743866,2.5503228013240955,8.51325854487742,Infinity,Infinity,36816752,20150932,0,0,5.486123561859131,3.0027228593826294,0,0,
31205,19.08159899711609,51.637699007987976,2.5513018783654324,8.51325854487742,Infinity,Infinity,36809687,20150932,0,0,5.4850707948207855,3.0027228593826294,0,0,
31206,20.532600045204163,62.19140100479126,2.5523644645825136,8.513266994377306,Infinity,Infinity,36802024,20150922,0,0,5.483928918838501,3.00272136926651,0,0,
31207,20.584201097488403,62.20200002193451,2.553588307595916,8.513266994377306,Infinity,Infinity,36793204,20150922,0,0,5.482614636421204,3.00272136926651,0,0,
31208,20.71459996700287,62.15299999713898,2.5549408307336963,8.513266994377306,Infinity,Infinity,36783464,20150922,0,0,5.481163263320923,3.00272136926651,0,0,
31209,20.66540002822876,62.14479994773865,2.55790332829294,8.513266994377306,Infinity,Infinity,36762157,20150922,0,0,5.47798827290535,3.00272136926651,0,0,
31210,20.68019998073578,62.11909997463226,2.559529905117701,8.513266994377306,Infinity,Infinity,36750474,20150922,0,0,5.4762473702430725,3.00272136926651,0,0,
31211,20.6385999917984,62.10610008239746,2.561312105832838,8.513266994377306,Infinity,Infinity,36737686,20150922,0,0,5.474341809749603,3.00272136926651,0,0,
31212,20.809499979019165,62.208799958229065,2.563105241571896,8.51325854487742,Infinity,Infinity,36724833,20150932,0,0,5.472426563501358,3.0027228593826294,0,0,
31213,20.65279996395111,61.990399956703186,2.565039298957135,8.513266994377306,Infinity,Infinity,36710985,20150922,0,0,5.470363050699234,3.00272136926651,0,0,
31214,20.840400099754333,62.364400029182434,2.5670666239653364,8.51325854487742,Infinity,Infinity,36696486,20150932,0,0,5.468202531337738,3.0027228593826294,0,0,
31215,20.73930013179779,62.07490003108978,2.571452616949469,8.513266994377306,Infinity,Infinity,36665177,20150922,0,0,5.463537126779556,3.00272136926651,0,0,
31216,20.75380003452301,62.37189996242523,2.5736550966265286,8.513266994377306,Infinity,Infinity,36649485,20150922,0,0,5.461198836565018,3.00272136926651,0,0,
31217,20.829400062561035,62.116600036621094,2.576006103520325,8.51325854487742,Infinity,Infinity,36632757,20150932,0,0,5.458706170320511,3.0027228593826294,0,0,
31218,20.682599902153015,62.058199882507324,2.5784684959483917,8.513266994377306,Infinity,Infinity,36615261,20150922,0,0,5.456099063158035,3.00272136926651,0,0,
31219,20.713900089263916,62.15320014953613,2.5810040975405473,8.513266994377306,Infinity,Infinity,36597271,20150922,0,0,5.453418344259262,3.00272136926651,0,0,
31220,20.67820107936859,62.26859998703003,2.583717761351693,8.51325854487742,Infinity,Infinity,36578047,20150932,0,0,5.450553745031357,3.0027228593826294,0,0,
31221,20.770299911499023,62.1671998500824,2.589448064836495,8.51325854487742,Infinity,Infinity,36537552,20150932,0,0,5.444519519805908,3.0027228593826294,0,0,
31222,20.645198941230774,62.16899907588959,2.5924824430918068,8.51325854487742,Infinity,Infinity,36516163,20150932,0,0,5.441332310438156,3.0027228593826294,0,0,
31223,20.85389995574951,62.27480101585388,2.59550380915077,8.513266994377306,Infinity,Infinity,36494903,20150922,0,0,5.438164323568344,3.00272136926651,0,0,
31224,20.718101024627686,62.02369999885559,2.5986066929142484,8.513250095390113,Infinity,Infinity,36473108,20150942,0,0,5.434916615486145,3.002724349498749,0,0,
31225,20.870100140571594,62.29210007190704,2.6016613282076873,8.513266994377306,Infinity,Infinity,36451690,20150922,0,0,5.431725084781647,3.00272136926651,0,0,
31226,20.651800990104675,62.089799880981445,2.6047887058985943,8.51325854487742,Infinity,Infinity,36429801,20150932,0,0,5.428463369607925,3.0027228593826294,0,0,
31227,20.743899941444397,62.144999980926514,2.611286747701043,8.513250095390113,Infinity,Infinity,36384446,20150942,0,0,5.421704947948456,3.002724349498749,0,0,
31228,20.701600074768066,62.126299142837524,2.6145174956339834,8.51325854487742,Infinity,Infinity,36361959,20150932,0,0,5.418354123830795,3.0027228593826294,0,0,
31229,20.689198970794678,62.29979991912842,2.617879302188403,8.513250095390113,Infinity,Infinity,36338604,20150942,0,0,5.414873957633972,3.002724349498749,0,0,
31230,20.79319989681244,62.2250999212265,2.6213037541650777,8.51325854487742,Infinity,Infinity,36314860,20150932,0,0,5.411335825920105,3.0027228593826294,0,0,
31231,20.73479998111725,62.06200110912323,2.6249083724570736,8.51325854487742,Infinity,Infinity,36289917,20150932,0,0,5.407619029283524,3.0027228593826294,0,0,
31232,20.74680006504059,62.20969998836517,2.6284783926039905,8.51325854487742,Infinity,Infinity,36265264,20150932,0,0,5.403945446014404,3.0027228593826294,0,0,
31233,20.754500031471252,62.22530007362366,2.631710029213203,8.51325854487742,Infinity,Infinity,36242991,20150932,0,0,5.400626510381699,3.0027228593826294,0,0,
31234,20.653200149536133,62.08069896697998,2.631707415149412,8.51325854487742,Infinity,Infinity,36243009,20150932,0,0,5.4006291925907135,3.0027228593826294,0,0,
31235,21.02680003643036,62.640300989151,2.6317235352715063,8.51325854487742,Infinity,Infinity,36242898,20150932,0,0,5.400612652301788,3.0027228593826294,0,0,
31236,20.74680006504059,61.73259902000427,2.6317210664143724,8.51325854487742,Infinity,Infinity,36242915,20150932,0,0,5.400615185499191,3.0027228593826294,0,0,
31237,20.752900004386902,62.25010097026825,2.6317310870913606,8.513256010029906,Infinity,Infinity,36242846,20150935,0,0,5.4006049036979675,3.002723306417465,0,0,
31238,20.71440100669861,62.075299978256226,2.6317472074309545,8.513250095390113,Infinity,Infinity,36242735,20150942,0,0,5.400588363409042,3.002724349498749,0,0,
31239,20.66130006313324,62.26160001754761,2.631741107825581,8.513266994377306,Infinity,Infinity,36242777,20150922,0,0,5.400594621896744,3.00272136926651,0,0,
31240,20.575401067733765,62.05019998550415,2.6317310870913606,8.513250095390113,Infinity,Infinity,36242846,20150942,0,0,5.4006049036979675,3.002724349498749,0,0,
31241,20.752899885177612,62.22159993648529,2.6317345725576424,8.513266994377306,Infinity,Infinity,36242822,20150922,0,0,5.400601327419281,3.00272136926651,0,0,
31242,20.715099930763245,62.13030004501343,2.631738638943722,8.513266994377306,Infinity,Infinity,36242794,20150922,0,0,5.400597155094147,3.00272136926651,0,0,
31243,20.75999903678894,62.18839907646179,2.631735589153278,8.513266994377306,Infinity,Infinity,36242815,20150922,0,0,5.400600284337997,3.00272136926651,0,0,
31244,20.565099954605103,62.15630090236664,2.631740672140295,8.513266994377306,Infinity,Infinity,36242780,20150922,0,0,5.40059506893158,3.00272136926651,0,0,
31245,20.663401007652283,62.178799986839294,2.6317335559625947,8.513266994377306,Infinity,Infinity,36242829,20150922,0,0,5.400602370500565,3.00272136926651,0,0,
31246,20.613499999046326,62.24119997024536,2.6317472074309545,8.51325854487742,Infinity,Infinity,36242735,20150932,0,0,5.400588363409042,3.0027228593826294,0,0,
31247,20.72099995613098,62.10140001773834,2.631742124425004,8.513250095390113,Infinity,Infinity,36242770,20150942,0,0,5.40059357881546,3.002724349498749,0,0,
31248,20.634900093078613,62.12190008163452,2.63174459331177,8.513266994377306,Infinity,Infinity,36242753,20150922,0,0,5.400591045618057,3.00272136926651,0,0,
31249,20.46880006790161,62.2039999961853,2.63174459331177,8.513266994377306,Infinity,Infinity,36242753,20150922,0,0,5.400591045618057,3.00272136926651,0,0,
31250,20.65750002861023,62.13769996166229,2.6317541784344907,8.51325854487742,Infinity,Infinity,36242687,20150932,0,0,5.400581210851669,3.0027228593826294,0,0,
31251,20.75550103187561,62.19170010089874,2.631745609913213,8.51325854487742,Infinity,Infinity,36242746,20150932,0,0,5.400590002536774,3.0027228593826294,0,0,
31252,20.611600041389465,62.113199949264526,2.6317521452222645,8.513266994377306,Infinity,Infinity,36242701,20150922,0,0,5.4005832970142365,3.00272136926651,0,0,
31253,20.79359996318817,62.22379994392395,2.6317472074309545,8.51325854487742,Infinity,Infinity,36242735,20150932,0,0,5.400588363409042,3.0027228593826294,0,0,
31254,14.891000032424927,56.236000061035156,2.631741107825581,8.51325854487742,Infinity,Infinity,36242777,20150932,0,0,5.400594621896744,3.0027228593826294,0,0,
31255,20.68620014190674,60.19350004196167,2.6317472074309545,8.51325854487742,Infinity,Infinity,36242735,20150932,0,0,5.400588363409042,3.0027228593826294,0,0,
31256,20.460399866104126,62.13629984855652,2.631740672140295,8.513250095390113,Infinity,Infinity,36242780,20150942,0,0,5.40059506893158,3.002724349498749,0,0,
31257,20.740099906921387,62.24080002307892,2.6317472074309545,8.513256010029906,Infinity,Infinity,36242735,20150935,0,0,5.400588363409042,3.002723306417465,0,0,
31258,20.810500025749207,62.3163001537323,2.631740672140295,8.51325854487742,Infinity,Infinity,36242780,20150932,0,0,5.40059506893158,3.0027228593826294,0,0,
31259,20.621600031852722,62.06859993934631,2.63174459331177,8.513250095390113,Infinity,Infinity,36242753,20150942,0,0,5.400591045618057,3.002724349498749,0,0,
31260,20.690499901771545,62.194699883461,2.6317472074309545,8.513266994377306,Infinity,Infinity,36242735,20150922,0,0,5.400588363409042,3.00272136926651,0,0,
31261,20.670599937438965,62.21319901943207,2.63174459331177,8.51325854487742,Infinity,Infinity,36242753,20150932,0,0,5.400591045618057,3.0027228593826294,0,0,
31262,20.62749993801117,62.032201051712036,2.631753161828083,8.513266994377306,Infinity,Infinity,36242694,20150922,0,0,5.400582253932953,3.00272136926651,0,0,
31263,20.791199922561646,62.20069992542267,2.631743576710917,8.51325854487742,Infinity,Infinity,36242760,20150932,0,0,5.400592088699341,3.0027228593826294,0,0,
31264,20.67599904537201,62.09139907360077,2.631757228257247,8.513274598937958,Infinity,Infinity,36242666,20150913,0,0,5.400578081607819,3.0027200281620026,0,0,
31265,20.66390097141266,62.11060094833374,2.6317472074309545,8.513266994377306,Infinity,Infinity,36242735,20150922,0,0,5.400588363409042,3.00272136926651,0,0,
31266,20.667400002479553,62.29930007457733,2.631760713775461,8.513250095390113,Infinity,Infinity,36242642,20150942,0,0,5.400574505329132,3.002724349498749,0,0,
31267,20.75070011615753,62.10740005970001,2.6317496763248736,8.51325854487742,Infinity,Infinity,36242718,20150932,0,0,5.400585830211639,3.0027228593826294,0,0,
31268,20.62899911403656,62.16649901866913,2.6317472074309545,8.513266994377306,Infinity,Infinity,36242735,20150922,0,0,5.400588363409042,3.00272136926651,0,0,
31269,20.708699941635132,62.22770082950592,2.631750692929261,8.51325854487742,Infinity,Infinity,36242711,20150932,0,0,5.400584787130356,3.0027228593826294,0,0,
31270,20.70349895954132,62.16059899330139,2.631761730386244,8.513266994377306,Infinity,Infinity,36242635,20150922,0,0,5.4005734622478485,3.00272136926651,0,0,
31271,20.962499976158142,62.417901039123535,2.631755630730381,8.513256010029906,Infinity,Infinity,36242677,20150935,0,0,5.40057972073555,3.002723306417465,0,0,
31272,20.751199960708618,61.88160002231598,2.63174459331177,8.513266994377306,Infinity,Infinity,36242753,20150922,0,0,5.400591045618057,3.00272136926651,0,0,
31273,20.73729908466339,62.22179901599884,2.631760713775461,8.51325854487742,Infinity,Infinity,36242642,20150932,0,0,5.400574505329132,3.0027228593826294,0,0,
31274,20.786600947380066,62.25050103664398,2.6317472074309545,8.513250095390113,Infinity,Infinity,36242735,20150942,0,0,5.400588363409042,3.002724349498749,0,0,
31275,20.881999969482422,62.294299960136414,2.6317582448660106,8.51325854487742,Infinity,Infinity,36242659,20150932,0,0,5.400577038526535,3.0027228593826294,0,0,
31276,20.671200037002563,61.9456000328064,2.63174459331177,8.51325854487742,Infinity,Infinity,36242753,20150932,0,0,5.400591045618057,3.0027228593826294,0,0,
31277,20.703499913215637,62.174699902534485,2.6317521452222645,8.51325854487742,Infinity,Infinity,36242701,20150932,0,0,5.4005832970142365,3.0027228593826294,0,0,
31278,20.761299967765808,62.23510003089905,2.6317521452222645,8.51325854487742,Infinity,Infinity,36242701,20150932,0,0,5.4005832970142365,3.0027228593826294,0,0,
31279,20.7532000541687,62.19220006465912,2.6317496763248736,8.513250095390113,Infinity,Infinity,36242718,20150942,0,0,5.400585830211639,3.002724349498749,0,0,
31280,20.74290096759796,62.2960000038147,2.6317582448660106,8.513256010029906,Infinity,Infinity,36242659,20150935,0,0,5.400577038526535,3.002723306417465,0,0,
31281,20.77049994468689,62.149099946022034,2.631755630730381,8.51325854487742,Infinity,Infinity,36242677,20150932,0,0,5.40057972073555,3.0027228593826294,0,0,
31282,20.7138010263443,62.16260004043579,2.6317546141231305,8.513250095390113,Infinity,Infinity,36242684,20150942,0,0,5.4005807638168335,3.002724349498749,0,0,
31283,20.673599004745483,62.15069890022278,2.631739655541714,8.51325854487742,Infinity,Infinity,36242787,20150932,0,0,5.400596112012863,3.0027228593826294,0,0,
31284,20.595399856567383,62.153401017189026,2.631753161828083,8.513250095390113,Infinity,Infinity,36242694,20150942,0,0,5.400582253932953,3.002724349498749,0,0,
31285,20.92239999771118,62.478399991989136,2.6317472074309545,8.51325854487742,Infinity,Infinity,36242735,20150932,0,0,5.400588363409042,3.0027228593826294,0,0,
31286,20.708999037742615,62.043899059295654,2.631756647338219,8.513266994377306,Infinity,Infinity,36242670,20150922,0,0,5.400578677654266,3.00272136926651,0,0,
31287,20.602298974990845,62.07070004940033,2.63174459331177,8.51325854487742,Infinity,Infinity,36242753,20150932,0,0,5.400591045618057,3.0027228593826294,0,0,
31288,20.636600017547607,62.166900992393494,2.6317546141231305,8.51325854487742,Infinity,Infinity,36242684,20150932,0,0,5.4005807638168335,3.0027228593826294,0,0,
31289,20.744099974632263,62.25730001926422,2.6317592614753624,8.513250095390113,Infinity,Infinity,36242652,20150942,0,0,5.4005759954452515,3.002724349498749,0,0,
31290,20.83329999446869,62.272899985313416,2.631755630730381,8.513250095390113,Infinity,Infinity,36242677,20150942,0,0,5.40057972073555,3.002724349498749,0,0,
31291,20.75059998035431,62.04170000553131,2.6317582448660106,8.51325854487742,Infinity,Infinity,36242659,20150932,0,0,5.400577038526535,3.0027228593826294,0,0,
31292,20.852700114250183,62.28939998149872,2.6317496763248736,8.513250095390113,Infinity,Infinity,36242718,20150942,0,0,5.400585830211639,3.002724349498749,0,0,
31293,20.81830096244812,62.17890000343323,2.631757228257247,8.51325854487742,Infinity,Infinity,36242666,20150932,0,0,5.400578081607819,3.0027228593826294,0,0,
31294,20.675900101661682,62.049100041389465,2.63174459331177,8.51325854487742,Infinity,Infinity,36242753,20150932,0,0,5.400591045618057,3.0027228593826294,0,0,
31295,20.599300026893616,62.18739998340607,2.631760713775461,8.513266994377306,Infinity,Infinity,36242642,20150922,0,0,5.400574505329132,3.00272136926651,0,0,
31296,20.766199946403503,62.25319993495941,2.6317521452222645,8.513250095390113,Infinity,Infinity,36242701,20150942,0,0,5.4005832970142365,3.002724349498749,0,0,
31297,20.674998879432678,62.14029896259308,2.631755630730381,8.513250095390113,Infinity,Infinity,36242677,20150942,0,0,5.40057972073555,3.002724349498749,0,0,
31298,20.680800080299377,62.22210109233856,2.631755630730381,8.513266994377306,Infinity,Infinity,36242677,20150922,0,0,5.40057972073555,3.00272136926651,0,0,
31299,20.718700051307678,62.188899993896484,2.6317546141231305,8.513250095390113,Infinity,Infinity,36242684,20150942,0,0,5.4005807638168335,3.002724349498749,0,0,
31300,20.451799988746643,62.14209997653961,2.631745609913213,8.51325854487742,Infinity,Infinity,36242746,20150932,0,0,5.400590002536774,3.0027228593826294,0,0,
31301,20.64699900150299,62.116199016571045,2.6317472074309545,8.513266994377306,Infinity,Infinity,36242735,20150922,0,0,5.400588363409042,3.00272136926651,0,0,
31302,20.681401014328003,62.29810094833374,2.631760713775461,8.513250095390113,Infinity,Infinity,36242642,20150942,0,0,5.400574505329132,3.002724349498749,0,0,
31303,20.701500058174133,62.06190001964569,2.631738638943722,8.513266994377306,Infinity,Infinity,36242794,20150922,0,0,5.400597155094147,3.00272136926651,0,0,
31304,20.672401070594788,62.10259997844696,2.6317582448660106,8.51325854487742,Infinity,Infinity,36242659,20150932,0,0,5.400577038526535,3.0027228593826294,0,0,
31305,20.61189901828766,62.14569902420044,2.631739655541714,8.513247560546374,Infinity,Infinity,36242787,20150945,0,0,5.400596112012863,3.0027247965335846,0,0,
31306,20.728199124336243,62.286500096321106,2.631757228257247,8.51325854487742,Infinity,Infinity,36242666,20150932,0,0,5.400578081607819,3.0027228593826294,0,0,
31307,20.721100091934204,62.15040099620819,2.6317546141231305,8.51325854487742,Infinity,Infinity,36242684,20150932,0,0,5.4005807638168335,3.0027228593826294,0,0,
31308,20.76890003681183,62.20229995250702,2.6317541784344907,8.513266994377306,Infinity,Infinity,36242687,20150922,0,0,5.400581210851669,3.00272136926651,0,0,
31309,20.779099941253662,62.235299944877625,2.6317546141231305,8.513250095390113,Infinity,Infinity,36242684,20150942,0,0,5.4005807638168335,3.002724349498749,0,0,
31310,20.675899982452393,62.10629999637604,2.631753161828083,8.513250095390113,Infinity,Infinity,36242694,20150942,0,0,5.400582253932953,3.002724349498749,0,0,
31311,20.747399926185608,62.12629997730255,2.631739655541714,8.51325854487742,Infinity,Infinity,36242787,20150932,0,0,5.400596112012863,3.0027228593826294,0,0,
31312,20.805999994277954,62.287100076675415,2.6317582448660106,8.51325854487742,Infinity,Infinity,36242659,20150932,0,0,5.400577038526535,3.0027228593826294,0,0,
31313,20.676300048828125,62.1007000207901,2.6317496763248736,8.51325854487742,Infinity,Infinity,36242718,20150932,0,0,5.400585830211639,3.0027228593826294,0,0,
31314,20.760800004005432,62.21519994735718,2.63174459331177,8.513250095390113,Infinity,Infinity,36242753,20150942,0,0,5.400591045618057,3.002724349498749,0,0,
31315,20.825398921966553,62.23219895362854,2.6317496763248736,8.51325854487742,Infinity,Infinity,36242718,20150932,0,0,5.400585830211639,3.0027228593826294,0,0,
31316,20.846499919891357,62.272400975227356,2.6317472074309545,8.513250095390113,Infinity,Infinity,36242735,20150942,0,0,5.400588363409042,3.002724349498749,0,0,
31317,20.538899898529053,62.07410001754761,2.631753161828083,8.513266994377306,Infinity,Infinity,36242694,20150922,0,0,5.400582253932953,3.00272136926651,0,0,
31318,20.8174010515213,62.30810010433197,2.6317546141231305,8.51325854487742,Infinity,Infinity,36242684,20150932,0,0,5.4005807638168335,3.0027228593826294,0,0,
31319,20.776999950408936,62.14049994945526,2.63174459331177,8.513250095390113,Infinity,Infinity,36242753,20150942,0,0,5.400591045618057,3.002724349498749,0,0,
31320,20.57740008831024,62.023398995399475,2.6317592614753624,8.51325854487742,Infinity,Infinity,36242652,20150932,0,0,5.4005759954452515,3.0027228593826294,0,0,
31321,20.725300073623657,62.2002010345459,2.631745609913213,8.51325854487742,Infinity,Infinity,36242746,20150932,0,0,5.400590002536774,3.0027228593826294,0,0,
31322,20.622498989105225,62.203598976135254,2.631760713775461,8.513250095390113,Infinity,Infinity,36242642,20150942,0,0,5.400574505329132,3.002724349498749,0,0,
31323,20.685500025749207,62.15720093250275,2.631743576710917,8.513266994377306,Infinity,Infinity,36242760,20150922,0,0,5.400592088699341,3.00272136926651,0,0,
31324,20.641099095344543,62.107999086380005,2.6317496763248736,8.513274598937958,Infinity,Infinity,36242718,20150913,0,0,5.400585830211639,3.0027200281620026,0,0,
31325,20.69879901409149,62.25639998912811,2.631745609913213,8.513266994377306,Infinity,Infinity,36242746,20150922,0,0,5.400590002536774,3.00272136926651,0,0,
31326,20.706399083137512,62.16330003738403,2.631755630730381,8.513266994377306,Infinity,Infinity,36242677,20150922,0,0,5.40057972073555,3.00272136926651,0,0,
31327,20.74120008945465,62.212401032447815,2.631753161828083,8.513247560546374,Infinity,Infinity,36242694,20150945,0,0,5.400582253932953,3.0027247965335846,0,0,
31328,20.63669991493225,62.21429991722107,2.6317496763248736,8.513247560546374,Infinity,Infinity,36242718,20150945,0,0,5.400585830211639,3.0027247965335846,0,0,
31329,20.72170102596283,62.16250002384186,2.6317496763248736,8.513266994377306,Infinity,Infinity,36242718,20150922,0,0,5.400585830211639,3.00272136926651,0,0,
31330,20.563199877738953,62.1324999332428,2.6317496763248736,8.513250095390113,Infinity,Infinity,36242718,20150942,0,0,5.400585830211639,3.002724349498749,0,0,
31331,20.82659900188446,62.265799045562744,2.631748224033912,8.513250095390113,Infinity,Infinity,36242728,20150942,0,0,5.400587320327759,3.002724349498749,0,0,
31332,20.725701093673706,62.06650102138519,2.631738638943722,8.513250095390113,Infinity,Infinity,36242794,20150942,0,0,5.400597155094147,3.002724349498749,0,0,
31333,20.656500101089478,62.325900077819824,2.631753161828083,8.51325854487742,Infinity,Infinity,36242694,20150932,0,0,5.400582253932953,3.0027228593826294,0,0,
31334,20.67170011997223,62.131500005722046,2.6317582448660106,8.51325854487742,Infinity,Infinity,36242659,20150932,0,0,5.400577038526535,3.0027228593826294,0,0,
31335,20.7586989402771,62.191898822784424,2.631756647338219,8.51325854487742,Infinity,Infinity,36242670,20150932,0,0,5.400578677654266,3.0027228593826294,0,0,
31336,20.727898955345154,62.1175000667572,2.6317472074309545,8.51325854487742,Infinity,Infinity,36242735,20150932,0,0,5.400588363409042,3.0027228593826294,0,0,
31337,20.64840006828308,62.104400992393494,2.631755630730381,8.513250095390113,Infinity,Infinity,36242677,20150942,0,0,5.40057972073555,3.002724349498749,0,0,
31338,20.71939980983734,62.23509991168976,2.6317582448660106,8.51325854487742,Infinity,Infinity,36242659,20150932,0,0,5.400577038526535,3.0027228593826294,0,0,
31339,20.907100081443787,62.29210019111633,2.631743141025016,8.51325854487742,Infinity,Infinity,36242763,20150932,0,0,5.400592535734177,3.0027228593826294,0,0,
31340,20.72029995918274,62.03309988975525,2.631760713775461,8.513247560546374,Infinity,Infinity,36242642,20150945,0,0,5.400574505329132,3.0027247965335846,0,0,
31341,20.645199060440063,62.13839900493622,2.631748224033912,8.51325854487742,Infinity,Infinity,36242728,20150932,0,0,5.400587320327759,3.0027228593826294,0,0,
31342,20.617000102996826,62.10770106315613,2.631760713775461,8.51325854487742,Infinity,Infinity,36242642,20150932,0,0,5.400574505329132,3.0027228593826294,0,0,
31343,20.892100930213928,62.44069993495941,2.6317496763248736,8.513266994377306,Infinity,Infinity,36242718,20150922,0,0,5.400585830211639,3.00272136926651,0,0,
31344,20.47409999370575,62.11970007419586,2.631760713775461,8.513266994377306,Infinity,Infinity,36242642,20150922,0,0,5.400574505329132,3.00272136926651,0,0,
31345,20.781499981880188,62.27809989452362,2.6317582448660106,8.51325854487742,Infinity,Infinity,36242659,20150932,0,0,5.400577038526535,3.0027228593826294,0,0,
31346,20.71650004386902,62.19359910488129,2.6317582448660106,8.51325854487742,Infinity,Infinity,36242659,20150932,0,0,5.400577038526535,3.0027228593826294,0,0,
31347,20.713600039482117,62.1539009809494,2.6317496763248736,8.513266994377306,Infinity,Infinity,36242718,20150922,0,0,5.400585830211639,3.00272136926651,0,0,
31348,20.721698999404907,62.14099895954132,2.631742124425004,8.51325854487742,Infinity,Infinity,36242770,20150932,0,0,5.40059357881546,3.0027228593826294,0,0,
31349,20.593999981880188,62.17960000038147,2.631757228257247,8.51325854487742,Infinity,Infinity,36242666,20150932,0,0,5.400578081607819,3.0027228593826294,0,0,
31350,20.678901076316833,62.17080104351044,2.6317370414337797,8.51325854487742,Infinity,Infinity,36242805,20150932,0,0,5.400598794221878,3.0027228593826294,0,0,
31351,20.652100920677185,62.16829991340637,2.6317582448660106,8.513274598937958,Infinity,Infinity,36242659,20150913,0,0,5.400577038526535,3.0027200281620026,0,0,
31352,20.73390007019043,62.164600133895874,2.631755630730381,8.513266994377306,Infinity,Infinity,36242677,20150922,0,0,5.40057972073555,3.00272136926651,0,0,
31353,20.71720016002655,62.14649999141693,2.631761730386244,8.513250095390113,Infinity,Infinity,36242635,20150942,0,0,5.4005734622478485,3.002724349498749,0,0,
31354,20.693899989128113,62.21769988536835,2.6317496763248736,8.513250095390113,Infinity,Infinity,36242718,20150942,0,0,5.400585830211639,3.002724349498749,0,0,
31355,20.884700059890747,62.30340003967285,2.6317546141231305,8.51325854487742,Infinity,Infinity,36242684,20150932,0,0,5.4005807638168335,3.0027228593826294,0,0,
31356,20.562999963760376,62.06419897079468,2.631756647338219,8.513250095390113,Infinity,Infinity,36242670,20150942,0,0,5.400578677654266,3.002724349498749,0,0,
31357,20.79910099506378,62.20190107822418,2.6317472074309545,8.51325854487742,Infinity,Infinity,36242735,20150932,0,0,5.400588363409042,3.0027228593826294,0,0,
31358,20.748499989509583,62.0864999294281,2.6317582448660106,8.51325854487742,Infinity,Infinity,36242659,20150932,0,0,5.400577038526535,3.0027228593826294,0,0,
31359,20.68079912662506,62.09739911556244,2.6317582448660106,8.51325854487742,Infinity,Infinity,36242659,20150932,0,0,5.400577038526535,3.0027228593826294,0,0,
31360,20.662799954414368,62.18200087547302,2.631763182688384,8.513266994377306,Infinity,Infinity,36242625,20150922,0,0,5.400571972131729,3.00272136926651,0,0,
31361,20.549499988555908,62.22640001773834,2.6317496763248736,8.51325854487742,Infinity,Infinity,36242718,20150932,0,0,5.400585830211639,3.0027228593826294,0,0,
31362,20.719799876213074,62.089399933815,2.631750692929261,8.513250095390113,Infinity,Infinity,36242711,20150942,0,0,5.400584787130356,3.002724349498749,0,0,
31363,20.1768000125885,62.162700057029724,2.63174459331177,8.51325854487742,Infinity,Infinity,36242753,20150932,0,0,5.400591045618057,3.0027228593826294,0,0,
31364,20.813699960708618,62.275099992752075,2.63174459331177,8.513250095390113,Infinity,Infinity,36242753,20150942,0,0,5.400591045618057,3.002724349498749,0,0,
31365,20.75300097465515,62.129600048065186,2.631739655541714,8.513250095390113,Infinity,Infinity,36242787,20150942,0,0,5.400596112012863,3.002724349498749,0,0,
31366,20.844398975372314,62.29559898376465,2.6317496763248736,8.513250095390113,Infinity,Infinity,36242718,20150942,0,0,5.400585830211639,3.002724349498749,0,0,
31367,20.67340099811554,62.07450091838837,2.631743576710917,8.51325854487742,Infinity,Infinity,36242760,20150932,0,0,5.400592088699341,3.0027228593826294,0,0,
31368,20.74400007724762,62.30620014667511,2.631739655541714,8.51325854487742,Infinity,Infinity,36242787,20150932,0,0,5.400596112012863,3.0027228593826294,0,0,
31369,20.69490110874176,62.04100000858307,2.6317496763248736,8.51325854487742,Infinity,Infinity,36242718,20150932,0,0,5.400585830211639,3.0027228593826294,0,0,
31370,20.903301000595093,62.325199842453,2.6317472074309545,8.513266994377306,Infinity,Infinity,36242735,20150922,0,0,5.400588363409042,3.00272136926651,0,0,
31371,20.638200044631958,61.96179914474487,2.631750692929261,8.51325854487742,Infinity,Infinity,36242711,20150932,0,0,5.400584787130356,3.0027228593826294,0,0,
31372,20.693099975585938,62.23150098323822,2.63174459331177,8.513266994377306,Infinity,Infinity,36242753,20150922,0,0,5.400591045618057,3.00272136926651,0,0,
31373,20.636500000953674,62.225199937820435,2.6317592614753624,8.51325854487742,Infinity,Infinity,36242652,20150932,0,0,5.4005759954452515,3.0027228593826294,0,0,
31374,20.593600034713745,62.07420003414154,2.631743141025016,8.51325854487742,Infinity,Infinity,36242763,20150932,0,0,5.400592535734177,3.0027228593826294,0,0,
31375,20.60729992389679,62.235299944877625,2.631739655541714,8.51325854487742,Infinity,Infinity,36242787,20150932,0,0,5.400596112012863,3.0027228593826294,0,0,
31376,20.761899948120117,62.23669898509979,2.631755630730381,8.51325854487742,Infinity,Infinity,36242677,20150932,0,0,5.40057972073555,3.0027228593826294,0,0,
31377,20.63129997253418,62.090901017189026,2.631743141025016,8.51325854487742,Infinity,Infinity,36242763,20150932,0,0,5.400592535734177,3.0027228593826294,0,0,
31378,20.675500988960266,62.28630006313324,2.631739655541714,8.513266994377306,Infinity,Infinity,36242787,20150922,0,0,5.400596112012863,3.00272136926651,0,0,
31379,20.808500051498413,62.210099935531616,2.631739655541714,8.51325854487742,Infinity,Infinity,36242787,20150932,0,0,5.400596112012863,3.0027228593826294,0,0,
31380,20.68589997291565,62.13740003108978,2.631742124425004,8.513266994377306,Infinity,Infinity,36242770,20150922,0,0,5.40059357881546,3.00272136926651,0,0,
31381,20.754299998283386,62.186699986457825,2.6317360248373025,8.513266994377306,Infinity,Infinity,36242812,20150922,0,0,5.400599837303162,3.00272136926651,0,0,
31382,20.736498951911926,62.08639895915985,2.631742124425004,8.51325854487742,Infinity,Infinity,36242770,20150932,0,0,5.40059357881546,3.0027228593826294,0,0,
31383,20.75090003013611,62.214901089668274,2.6317260041321133,8.513266994377306,Infinity,Infinity,36242881,20150922,0,0,5.400610119104385,3.00272136926651,0,0,
31384,20.68400001525879,62.06099998950958,2.631742124425004,8.513266994377306,Infinity,Infinity,36242770,20150922,0,0,5.40059357881546,3.00272136926651,0,0,
31385,20.546599984169006,62.287699937820435,2.631742124425004,8.51325854487742,Infinity,Infinity,36242770,20150932,0,0,5.40059357881546,3.0027228593826294,0,0,
31386,20.724199056625366,62.09079909324646,2.6317360248373025,8.51325854487742,Infinity,Infinity,36242812,20150932,0,0,5.400599837303162,3.0027228593826294,0,0,
31387,21.415500044822693,62.888500928878784,2.6317496763248736,8.51325854487742,Infinity,Infinity,36242718,20150932,0,0,5.400585830211639,3.0027228593826294,0,0,
31388,20.91270101070404,61.92400002479553,2.631738638943722,8.513266994377306,Infinity,Infinity,36242794,20150922,0,0,5.400597155094147,3.00272136926651,0,0,
31389,20.694400906562805,61.92969989776611,2.6317496763248736,8.51325854487742,Infinity,Infinity,36242718,20150932,0,0,5.400585830211639,3.0027228593826294,0,0,
31390,20.64360010623932,61.97060012817383,2.631735589153278,8.513266994377306,Infinity,Infinity,36242815,20150922,0,0,5.400600284337997,3.00272136926651,0,0,
31391,20.868899941444397,63.06939888000488,2.6317472074309545,8.51325854487742,Infinity,Infinity,36242735,20150932,0,0,5.400588363409042,3.0027228593826294,0,0,
31392,19.410599946975708,61.204801082611084,2.631745609913213,8.51325854487742,Infinity,Infinity,36242746,20150932,0,0,5.400590002536774,3.0027228593826294,0,0,
31393,21.013900995254517,62.56149995326996,2.6317360248373025,8.51325854487742,Infinity,Infinity,36242812,20150932,0,0,5.400599837303162,3.0027228593826294,0,0,
31394,20.827499985694885,61.922800064086914,2.6317370414337797,8.513266994377306,Infinity,Infinity,36242805,20150922,0,0,5.400598794221878,3.00272136926651,0,0,
31395,20.610000014305115,61.96570003032684,2.631755630730381,8.51325854487742,Infinity,Infinity,36242677,20150932,0,0,5.40057972073555,3.0027228593826294,0,0,
31396,20.523499965667725,62.05019986629486,2.631755630730381,8.51325854487742,Infinity,Infinity,36242677,20150932,0,0,5.40057972073555,3.0027228593826294,0,0,
31397,20.864699125289917,62.450199127197266,2.6317310870913606,8.513266994377306,Infinity,Infinity,36242846,20150922,0,0,5.4006049036979675,3.00272136926651,0,0,
31398,20.74779999256134,61.95460093021393,2.631741107825581,8.513266994377306,Infinity,Infinity,36242777,20150922,0,0,5.400594621896744,3.00272136926651,0,0,
31399,20.794600009918213,62.30910003185272,2.6317546141231305,8.51325854487742,Infinity,Infinity,36242684,20150932,0,0,5.4005807638168335,3.0027228593826294,0,0,
31400,20.396600008010864,62.03250002861023,2.631739655541714,8.51325854487742,Infinity,Infinity,36242787,20150932,0,0,5.400596112012863,3.0027228593826294,0,0,
31401,20.69540011882782,62.22230005264282,2.631741107825581,8.51325854487742,Infinity,Infinity,36242777,20150932,0,0,5.400594621896744,3.0027228593826294,0,0,
31402,20.725098967552185,62.207698941230774,2.6317472074309545,8.51325854487742,Infinity,Infinity,36242735,20150932,0,0,5.400588363409042,3.0027228593826294,0,0,
31403,20.71079909801483,62.25639998912811,2.631742124425004,8.51325854487742,Infinity,Infinity,36242770,20150932,0,0,5.40059357881546,3.0027228593826294,0,0,
31404,18.249199986457825,59.7245010137558,2.631730070498333,8.513250095390113,Infinity,Infinity,36242853,20150942,0,0,5.400605946779251,3.002724349498749,0,0,
31405,20.656499981880188,61.97619986534119,2.631753161828083,8.51325854487742,Infinity,Infinity,36242694,20150932,0,0,5.400582253932953,3.0027228593826294,0,0,
31406,20.69809901714325,62.113699197769165,2.6317496763248736,8.513266994377306,Infinity,Infinity,36242718,20150922,0,0,5.400585830211639,3.00272136926651,0,0,
31407,20.195899963378906,62.123400926589966,2.6317496763248736,8.51325854487742,Infinity,Infinity,36242718,20150932,0,0,5.400585830211639,3.0027228593826294,0,0,
31408,20.65310001373291,62.192700028419495,2.631743576710917,8.51325854487742,Infinity,Infinity,36242760,20150932,0,0,5.400592088699341,3.0027228593826294,0,0,
31409,20.763100028038025,62.235798954963684,2.6317546141231305,8.513266994377306,Infinity,Infinity,36242684,20150922,0,0,5.4005807638168335,3.00272136926651,0,0,
31410,20.72759997844696,62.1241010427475,2.6317496763248736,8.51325854487742,Infinity,Infinity,36242718,20150932,0,0,5.400585830211639,3.0027228593826294,0,0,
31411,20.799899101257324,62.234598994255066,2.6317360248373025,8.513250095390113,Infinity,Infinity,36242812,20150942,0,0,5.400599837303162,3.002724349498749,0,0,
31412,20.759099006652832,62.1625999212265,2.6317496763248736,8.513266994377306,Infinity,Infinity,36242718,20150922,0,0,5.400585830211639,3.00272136926651,0,0,
31413,20.864099979400635,62.4175009727478,2.631739655541714,8.513250095390113,Infinity,Infinity,36242787,20150942,0,0,5.400596112012863,3.002724349498749,0,0,
31414,20.773998975753784,62.10899901390076,2.63174459331177,8.51325854487742,Infinity,Infinity,36242753,20150932,0,0,5.400591045618057,3.0027228593826294,0,0,
31415,20.590799927711487,62.02850103378296,2.6317360248373025,8.513250095390113,Infinity,Infinity,36242812,20150942,0,0,5.400599837303162,3.002724349498749,0,0,
31416,20.514099955558777,62.23140001296997,2.63174459331177,8.513250095390113,Infinity,Infinity,36242753,20150942,0,0,5.400591045618057,3.002724349498749,0,0,
31417,20.800900101661682,62.13510000705719,2.631743141025016,8.51325854487742,Infinity,Infinity,36242763,20150932,0,0,5.400592535734177,3.0027228593826294,0,0,
31418,20.67409896850586,62.22989904880524,2.631739655541714,8.51325854487742,Infinity,Infinity,36242787,20150932,0,0,5.400596112012863,3.0027228593826294,0,0,
31419,20.794798851013184,62.13129985332489,2.6317472074309545,8.51325854487742,Infinity,Infinity,36242735,20150932,0,0,5.400588363409042,3.0027228593826294,0,0,
31420,20.723299860954285,62.243301033973694,2.631743576710917,8.51325854487742,Infinity,Infinity,36242760,20150932,0,0,5.400592088699341,3.0027228593826294,0,0,
31421,20.734300017356873,62.18840003013611,2.6317541784344907,8.513266994377306,Infinity,Infinity,36242687,20150922,0,0,5.400581210851669,3.00272136926651,0,0,
31422,20.832599997520447,62.323699951171875,2.6317380580308467,8.51325854487742,Infinity,Infinity,36242798,20150932,0,0,5.4005977511405945,3.0027228593826294,0,0,
31423,20.756998896598816,62.145599007606506,2.6317582448660106,8.51325854487742,Infinity,Infinity,36242659,20150932,0,0,5.400577038526535,3.0027228593826294,0,0,
31424,20.686899065971375,62.131800055503845,2.631738638943722,8.513266994377306,Infinity,Infinity,36242794,20150922,0,0,5.400597155094147,3.00272136926651,0,0,
31425,20.72979998588562,62.13199996948242,2.631738638943722,8.51325854487742,Infinity,Infinity,36242794,20150932,0,0,5.400597155094147,3.0027228593826294,0,0,
31426,20.74870002269745,62.20730102062225,2.631738638943722,8.51325854487742,Infinity,Infinity,36242794,20150932,0,0,5.400597155094147,3.0027228593826294,0,0,
31427,20.759699940681458,62.131799936294556,2.631741107825581,8.51325854487742,Infinity,Infinity,36242777,20150932,0,0,5.400594621896744,3.0027228593826294,0,0,
31428,20.869400024414062,62.48740005493164,2.631753161828083,8.51325854487742,Infinity,Infinity,36242694,20150932,0,0,5.400582253932953,3.0027228593826294,0,0,
31429,20.89819896221161,62.15109896659851,2.6317306514085628,8.51325854487742,Infinity,Infinity,36242849,20150932,0,0,5.400605350732803,3.0027228593826294,0,0,
31430,19.100098967552185,67.48450005054474,2.6317345725576424,8.51325854487742,Infinity,Infinity,36242822,20150932,0,0,5.400601327419281,3.0027228593826294,0,0,
31431,20.149999976158142,62.029000997543335,2.6317517095342375,8.513250095390113,Infinity,Infinity,36242704,20150942,0,0,5.400583744049072,3.002724349498749,0,0,
31432,20.761799931526184,62.00890004634857,2.6317370414337797,8.513266994377306,Infinity,Infinity,36242805,20150922,0,0,5.400598794221878,3.00272136926651,0,0,
31433,20.67490005493164,62.133999943733215,2.631742124425004,8.51325854487742,Infinity,Infinity,36242770,20150932,0,0,5.40059357881546,3.0027228593826294,0,0,
31434,20.71139895915985,62.19169902801514,2.631753161828083,8.513266994377306,Infinity,Infinity,36242694,20150922,0,0,5.400582253932953,3.00272136926651,0,0,
31435,20.77340006828308,62.1678010225296,2.631739655541714,8.513250095390113,Infinity,Infinity,36242787,20150942,0,0,5.400596112012863,3.002724349498749,0,0,
31436,20.7150000333786,62.07539999485016,2.6317472074309545,8.513250095390113,Infinity,Infinity,36242735,20150942,0,0,5.400588363409042,3.002724349498749,0,0,
31437,20.693600058555603,62.15380001068115,2.6317335559625947,8.51325854487742,Infinity,Infinity,36242829,20150932,0,0,5.400602370500565,3.0027228593826294,0,0,
31438,20.654500007629395,62.182899951934814,2.6317541784344907,8.51325854487742,Infinity,Infinity,36242687,20150932,0,0,5.400581210851669,3.0027228593826294,0,0,
31439,20.850299954414368,62.302600026130676,2.63174459331177,8.51325854487742,Infinity,Infinity,36242753,20150932,0,0,5.400591045618057,3.0027228593826294,0,0,
31440,20.859699010849,62.18929898738861,2.6317360248373025,8.51325854487742,Infinity,Infinity,36242812,20150932,0,0,5.400599837303162,3.0027228593826294,0,0,
31441,20.889801025390625,62.23090100288391,2.63174459331177,8.51325854487742,Infinity,Infinity,36242753,20150932,0,0,5.400591045618057,3.0027228593826294,0,0,
31442,20.750799894332886,62.034199953079224,2.6317546141231305,8.513247560546374,Infinity,Infinity,36242684,20150945,0,0,5.4005807638168335,3.0027247965335846,0,0,
31443,20.61519992351532,62.1693000793457,2.631750692929261,8.513250095390113,Infinity,Infinity,36242711,20150942,0,0,5.400584787130356,3.002724349498749,0,0,
31444,20.61400008201599,62.168400049209595,2.631743141025016,8.513250095390113,Infinity,Infinity,36242763,20150942,0,0,5.400592535734177,3.002724349498749,0,0,
31445,20.749800086021423,62.26989996433258,2.631745609913213,8.513266994377306,Infinity,Infinity,36242746,20150922,0,0,5.400590002536774,3.00272136926651,0,0,
31446,20.7082998752594,62.15089988708496,2.631753161828083,8.513266994377306,Infinity,Infinity,36242694,20150922,0,0,5.400582253932953,3.00272136926651,0,0,
31447,20.714199900627136,62.19099998474121,2.631742124425004,8.51325854487742,Infinity,Infinity,36242770,20150932,0,0,5.40059357881546,3.0027228593826294,0,0,
31448,20.851500034332275,62.25780010223389,2.6317335559625947,8.513266994377306,Infinity,Infinity,36242829,20150922,0,0,5.400602370500565,3.00272136926651,0,0,
31449,20.64240002632141,61.99629998207092,2.631742124425004,8.51325854487742,Infinity,Infinity,36242770,20150932,0,0,5.40059357881546,3.0027228593826294,0,0,
31450,20.830999970436096,62.35739994049072,2.6317496763248736,8.51325854487742,Infinity,Infinity,36242718,20150932,0,0,5.400585830211639,3.0027228593826294,0,0,
31451,20.723000049591064,62.19440007209778,2.6317335559625947,8.51325854487742,Infinity,Infinity,36242829,20150932,0,0,5.400602370500565,3.0027228593826294,0,0,
31452,20.846799969673157,62.08770000934601,2.631739655541714,8.513250095390113,Infinity,Infinity,36242787,20150942,0,0,5.400596112012863,3.002724349498749,0,0,
31453,20.649500012397766,62.26789999008179,2.6317286182236015,8.513266994377306,Infinity,Infinity,36242863,20150922,0,0,5.4006074368953705,3.00272136926651,0,0,
31454,20.67830002307892,62.25670003890991,2.63174459331177,8.51325854487742,Infinity,Infinity,36242753,20150932,0,0,5.400591045618057,3.0027228593826294,0,0,
31455,20.564401030540466,62.131799936294556,2.6317370414337797,8.51325854487742,Infinity,Infinity,36242805,20150932,0,0,5.400598794221878,3.0027228593826294,0,0,
31456,20.731199979782104,62.16980004310608,2.631742124425004,8.513247560546374,Infinity,Infinity,36242770,20150945,0,0,5.40059357881546,3.0027247965335846,0,0,
31457,20.80839991569519,62.20919990539551,2.631746045599725,8.51325854487742,Infinity,Infinity,36242743,20150932,0,0,5.400589555501938,3.0027228593826294,0,0,
31458,20.71199893951416,62.12579905986786,2.631742124425004,8.51325854487742,Infinity,Infinity,36242770,20150932,0,0,5.40059357881546,3.0027228593826294,0,0,
31459,20.72950005531311,62.150501012802124,2.6317472074309545,8.513266994377306,Infinity,Infinity,36242735,20150922,0,0,5.400588363409042,3.00272136926651,0,0,
31460,20.76450002193451,62.15209996700287,2.6317345725576424,8.51325854487742,Infinity,Infinity,36242822,20150932,0,0,5.400601327419281,3.0027228593826294,0,0,
31461,20.549000024795532,62.180700063705444,2.631742124425004,8.513250095390113,Infinity,Infinity,36242770,20150942,0,0,5.40059357881546,3.002724349498749,0,0,
31462,20.81459903717041,62.277199029922485,2.6317270207227845,8.51325854487742,Infinity,Infinity,36242874,20150932,0,0,5.400609076023102,3.0027228593826294,0,0,
31463,20.73520004749298,62.186800956726074,2.631750692929261,8.51325854487742,Infinity,Infinity,36242711,20150932,0,0,5.400584787130356,3.0027228593826294,0,0,
31464,20.764499068260193,62.2158989906311,2.631742124425004,8.51325854487742,Infinity,Infinity,36242770,20150932,0,0,5.40059357881546,3.0027228593826294,0,0,
31465,20.668100833892822,62.08650088310242,2.631742124425004,8.513266994377306,Infinity,Infinity,36242770,20150922,0,0,5.40059357881546,3.00272136926651,0,0,
31466,20.706501007080078,62.14200007915497,2.6317321036849775,8.513266994377306,Infinity,Infinity,36242839,20150922,0,0,5.400603860616684,3.00272136926651,0,0,
31467,20.709799885749817,62.17799997329712,2.6317370414337797,8.51325854487742,Infinity,Infinity,36242805,20150932,0,0,5.400598794221878,3.0027228593826294,0,0,
31468,20.804699897766113,62.114400029182434,2.631742124425004,8.51325854487742,Infinity,Infinity,36242770,20150932,0,0,5.40059357881546,3.0027228593826294,0,0,
31469,20.76289999485016,62.19690001010895,2.6317345725576424,8.513266994377306,Infinity,Infinity,36242822,20150922,0,0,5.400601327419281,3.00272136926651,0,0,
31470,43.32299995422363,63.98959994316101,2.631745609913213,8.513266994377306,Infinity,Infinity,36242746,20150922,0,0,5.400590002536774,3.00272136926651,0,0,
